date,AQI
01/01/2017,54
01/02/2017,46
01/03/2017,53
01/04/2017,70
01/05/2017,54
01/06/2017,48
01/07/2017,48
01/08/2017,33
01/09/2017,49
01/10/2017,52
01/11/2017,35
01/12/2017,35
01/13/2017,41
01/14/2017,55
01/15/2017,53
01/16/2017,56
01/17/2017,49
01/18/2017,61
01/19/2017,43
01/20/2017,35
01/21/2017,52
01/22/2017,36
01/23/2017,35
01/24/2017,44
01/25/2017,59
01/26/2017,59
01/27/2017,30
01/28/2017,27
01/29/2017,22
01/30/2017,28
01/31/2017,55
02/01/2017,58
02/02/2017,59
02/03/2017,75
02/04/2017,50
02/05/2017,76
02/06/2017,43
02/07/2017,43
02/08/2017,50
02/09/2017,54
02/10/2017,76
02/11/2017,52
02/12/2017,42
02/13/2017,29
02/14/2017,61
02/15/2017,39
02/16/2017,55
02/17/2017,41
02/18/2017,30
02/19/2017,34
02/20/2017,43
02/21/2017,57
02/22/2017,43
02/23/2017,39
02/24/2017,49
02/25/2017,61
02/26/2017,30
02/27/2017,45
02/28/2017,63
03/01/2017,39
03/02/2017,27
03/03/2017,21
03/04/2017,39
03/05/2017,38
03/06/2017,37
03/07/2017,41
03/08/2017,43
03/09/2017,57
03/17/2017,74
03/18/2017,77
03/19/2017,62
03/20/2017,70
03/21/2017,55
03/22/2017,42
03/23/2017,48
03/29/2017,35
03/30/2017,45
03/31/2017,54
04/01/2017,56
04/02/2017,54
04/03/2017,59
04/04/2017,66
04/05/2017,53
04/06/2017,57
04/07/2017,66
04/08/2017,44
04/09/2017,45
04/10/2017,55
04/11/2017,63
04/12/2017,58
04/13/2017,37
04/14/2017,41
04/15/2017,54
04/16/2017,56
04/17/2017,43
04/18/2017,42
04/19/2017,52
04/20/2017,55
04/21/2017,52
04/22/2017,53
04/23/2017,59
04/24/2017,64
04/25/2017,55
04/26/2017,58
04/27/2017,56
04/28/2017,54
04/29/2017,25
04/30/2017,40
05/01/2017,55
05/02/2017,64
05/03/2017,71
05/04/2017,74
05/05/2017,79
05/06/2017,43
05/07/2017,25
05/08/2017,57
05/09/2017,62
05/10/2017,51
05/11/2017,67
05/12/2017,69
05/13/2017,63
05/14/2017,53
05/15/2017,45
05/16/2017,53
05/17/2017,45
05/18/2017,50
05/19/2017,40
05/20/2017,31
05/21/2017,40
05/22/2017,65
05/23/2017,72
05/24/2017,64
05/25/2017,42
05/26/2017,34
05/27/2017,47
05/28/2017,56
05/29/2017,65
05/30/2017,79
05/31/2017,83
06/01/2017,74
06/02/2017,83
06/03/2017,77
06/04/2017,80
06/05/2017,74
06/06/2017,78
06/07/2017,76
06/08/2017,69
06/09/2017,60
06/10/2017,51
06/11/2017,42
06/12/2017,53
06/13/2017,59
06/14/2017,63
06/15/2017,64
06/16/2017,63
06/17/2017,66
06/18/2017,67
06/19/2017,71
06/20/2017,76
06/21/2017,79
06/22/2017,77
06/23/2017,75
06/24/2017,73
06/25/2017,74
06/26/2017,58
06/27/2017,51
06/28/2017,58
06/29/2017,95
06/30/2017,81
07/01/2017,79
07/02/2017,69
07/03/2017,71
07/04/2017,77
07/05/2017,145
07/06/2017,77
07/07/2017,86
07/08/2017,84
07/09/2017,75
07/10/2017,72
07/11/2017,61
07/12/2017,65
07/13/2017,65
07/14/2017,71
07/15/2017,73
07/16/2017,78
07/17/2017,73
07/18/2017,70
07/19/2017,72
07/20/2017,66
07/21/2017,77
07/22/2017,82
07/23/2017,72
07/24/2017,67
07/25/2017,66
07/26/2017,60
07/27/2017,60
07/28/2017,64
07/29/2017,66
07/30/2017,72
07/31/2017,71
08/01/2017,65
08/02/2017,76
08/03/2017,77
08/04/2017,66
08/05/2017,64
08/06/2017,65
08/07/2017,74
08/08/2017,77
08/09/2017,79
08/10/2017,84
08/11/2017,81
08/12/2017,81
08/13/2017,85
08/18/2017,72
08/19/2017,70
08/20/2017,66
08/21/2017,70
08/22/2017,67
08/23/2017,77
08/24/2017,87
08/25/2017,92
08/26/2017,82
08/27/2017,72
08/28/2017,74
08/29/2017,77
08/30/2017,86
08/31/2017,58
09/01/2017,63
09/02/2017,68
09/03/2017,67
09/04/2017,60
09/05/2017,69
09/06/2017,66
09/07/2017,71
09/08/2017,76
09/09/2017,73
09/10/2017,67
09/11/2017,68
09/12/2017,65
09/13/2017,65
09/14/2017,56
09/15/2017,54
09/16/2017,64
09/17/2017,60
09/18/2017,79
09/19/2017,69
09/20/2017,64
09/21/2017,50
09/22/2017,54
09/23/2017,57
09/24/2017,51
09/25/2017,38
09/26/2017,55
09/27/2017,63
09/28/2017,59
09/29/2017,56
09/30/2017,69
10/01/2017,68
10/02/2017,60
10/03/2017,66
10/04/2017,64
10/05/2017,63
10/06/2017,63
10/07/2017,54
10/08/2017,67
10/09/2017,57
10/10/2017,56
10/11/2017,74
10/12/2017,82
10/13/2017,89
10/14/2017,82
10/15/2017,57
10/16/2017,55
10/17/2017,62
10/18/2017,80
10/19/2017,88
10/20/2017,55
10/21/2017,57
10/22/2017,42
10/23/2017,41
10/24/2017,35
10/25/2017,50
10/26/2017,62
10/27/2017,70
10/28/2017,88
10/29/2017,100
10/30/2017,58
10/31/2017,55
11/01/2017,55
11/02/2017,40
11/03/2017,51
11/08/2017,55
11/09/2017,54
11/10/2017,71
11/11/2017,81
11/12/2017,115
11/13/2017,116
11/14/2017,100
11/15/2017,95
11/16/2017,85
11/17/2017,61
11/18/2017,62
11/19/2017,40
11/20/2017,58
11/21/2017,43
11/22/2017,41
11/23/2017,37
11/24/2017,51
11/25/2017,62
11/26/2017,97
11/27/2017,75
11/28/2017,45
11/29/2017,57
11/30/2017,62
12/01/2017,69
12/02/2017,78
12/03/2017,74
12/04/2017,61
12/05/2017,24
12/06/2017,27
12/07/2017,16
12/08/2017,34
12/09/2017,32
12/10/2017,28
12/11/2017,30
12/12/2017,35
12/13/2017,36
12/14/2017,53
12/15/2017,47
12/16/2017,72
12/17/2017,51
12/18/2017,48
12/19/2017,64
12/20/2017,78
12/21/2017,54
12/22/2017,53
12/23/2017,60
12/24/2017,64
12/25/2017,95
12/26/2017,98
12/27/2017,60
12/28/2017,59
12/29/2017,45
12/30/2017,72
12/31/2017,108
01/01/2018,123
01/02/2018,90
01/03/2018,46
01/04/2018,84
01/05/2018,80
01/06/2018,87
01/07/2018,84
01/08/2018,54
01/10/2018,64
01/11/2018,84
01/12/2018,68
01/13/2018,37
01/14/2018,35
01/15/2018,65
01/16/2018,90
01/17/2018,69
01/18/2018,67
01/19/2018,75
01/20/2018,34
01/21/2018,37
01/22/2018,34
01/23/2018,28
01/24/2018,42
01/25/2018,55
01/26/2018,43
01/27/2018,39
01/28/2018,16
01/29/2018,21
01/30/2018,29
01/31/2018,51
02/01/2018,55
02/02/2018,54
02/03/2018,73
02/04/2018,62
02/05/2018,54
02/06/2018,74
02/07/2018,28
02/08/2018,40
02/09/2018,60
02/10/2018,78
02/11/2018,60
02/12/2018,48
02/13/2018,35
02/14/2018,49
02/15/2018,54
02/16/2018,30
02/17/2018,43
02/18/2018,48
02/19/2018,27
02/20/2018,35
02/21/2018,51
02/22/2018,55
02/23/2018,37
02/24/2018,44
02/25/2018,48
02/26/2018,44
02/27/2018,30
02/28/2018,56
03/01/2018,58
03/02/2018,56
03/03/2018,52
03/04/2018,45
03/05/2018,18
03/06/2018,30
03/09/2018,70
03/10/2018,66
03/11/2018,46
03/12/2018,73
03/13/2018,73
03/14/2018,38
03/15/2018,31
03/16/2018,37
03/17/2018,30
03/18/2018,49
03/19/2018,43
03/20/2018,57
03/21/2018,60
03/22/2018,47
03/23/2018,43
03/24/2018,52
03/25/2018,34
03/26/2018,38
03/27/2018,28
03/29/2018,65
03/30/2018,71
03/31/2018,80
04/01/2018,82
04/02/2018,68
04/03/2018,79
04/04/2018,91
04/05/2018,101
04/06/2018,69
04/07/2018,62
04/08/2018,63
04/09/2018,54
04/10/2018,54
04/11/2018,57
04/12/2018,35
04/13/2018,35
04/14/2018,54
04/15/2018,55
04/16/2018,50
04/17/2018,39
04/18/2018,29
04/19/2018,39
04/20/2018,53
04/21/2018,57
04/22/2018,56
04/23/2018,65
04/24/2018,71
04/25/2018,78
04/26/2018,75
04/27/2018,76
04/28/2018,67
04/29/2018,59
04/30/2018,53
05/01/2018,49
05/02/2018,48
05/03/2018,60
05/04/2018,52
05/05/2018,52
05/06/2018,55
05/07/2018,60
05/08/2018,71
05/09/2018,81
05/10/2018,75
05/11/2018,58
05/12/2018,33
05/13/2018,41
05/14/2018,67
05/15/2018,55
05/16/2018,40
05/17/2018,44
05/18/2018,52
05/19/2018,69
05/20/2018,65
05/21/2018,50
05/22/2018,54
05/23/2018,66
05/24/2018,61
05/25/2018,43
05/26/2018,45
05/27/2018,55
05/28/2018,72
05/29/2018,74
05/30/2018,56
05/31/2018,49
06/01/2018,60
06/02/2018,67
06/03/2018,72
06/04/2018,72
06/05/2018,78
06/06/2018,70
06/07/2018,70
06/08/2018,70
06/09/2018,65
06/10/2018,67
06/11/2018,69
06/12/2018,73
06/13/2018,74
06/14/2018,67
06/15/2018,65
06/16/2018,57
06/17/2018,30
06/18/2018,52
06/19/2018,65
06/20/2018,74
06/21/2018,84
06/22/2018,95
06/23/2018,82
06/24/2018,66
06/25/2018,66
06/26/2018,63
06/27/2018,67
06/28/2018,68
06/29/2018,64
06/30/2018,61
07/01/2018,63
07/02/2018,60
07/03/2018,66
07/04/2018,83
07/05/2018,132
07/06/2018,69
07/07/2018,70
07/08/2018,65
07/09/2018,88
07/10/2018,72
07/11/2018,67
07/12/2018,64
07/13/2018,66
07/14/2018,66
07/15/2018,63
07/16/2018,67
07/17/2018,72
07/18/2018,71
07/19/2018,67
07/20/2018,64
07/21/2018,56
07/22/2018,58
07/23/2018,66
07/24/2018,79
07/25/2018,87
07/26/2018,88
08/08/2018,66
08/09/2018,77
08/10/2018,63
08/11/2018,60
08/12/2018,60
08/13/2018,62
08/17/2018,82
08/18/2018,78
08/19/2018,86
08/20/2018,87
08/21/2018,88
08/22/2018,91
08/23/2018,86
08/24/2018,94
08/25/2018,122
08/26/2018,102
08/27/2018,95
08/28/2018,82
08/29/2018,69
08/30/2018,60
08/31/2018,72
09/01/2018,76
09/02/2018,71
09/03/2018,74
09/04/2018,80
09/05/2018,76
09/06/2018,68
09/07/2018,80
09/08/2018,77
09/09/2018,65
09/10/2018,71
09/11/2018,68
09/12/2018,73
09/13/2018,56
09/14/2018,23
09/15/2018,32
09/16/2018,26
09/17/2018,37
09/18/2018,24
09/19/2018,50
09/20/2018,61
09/21/2018,59
09/22/2018,56
09/23/2018,48
09/24/2018,45
09/25/2018,61
09/26/2018,66
09/27/2018,67
09/28/2018,64
09/29/2018,55
09/30/2018,31
10/01/2018,35
10/02/2018,25
10/03/2018,27
10/04/2018,18
10/05/2018,27
10/06/2018,31
10/07/2018,33
10/08/2018,35
10/09/2018,36
10/10/2018,26
10/11/2018,30
10/12/2018,29
10/13/2018,25
10/14/2018,39
10/15/2018,3
10/16/2018,6
10/17/2018,9
10/18/2018,9
10/19/2018,0
10/20/2018,8
10/21/2018,30
10/22/2018,55
10/23/2018,64
10/24/2018,59
10/25/2018,62
10/26/2018,53
10/27/2018,55
10/28/2018,70
10/29/2018,70
10/30/2018,63
10/31/2018,30
11/01/2018,14
11/02/2018,4
11/03/2018,23
11/04/2018,25
11/05/2018,53
11/06/2018,51
11/07/2018,58
11/08/2018,57
11/09/2018,10
11/10/2018,45
11/11/2018,102
11/12/2018,36
11/13/2018,13
11/14/2018,15
11/15/2018,16
11/16/2018,27
11/17/2018,52
11/18/2018,60
11/19/2018,37
11/20/2018,59
11/21/2018,62
11/22/2018,23
11/23/2018,40
11/24/2018,58
11/25/2018,38
11/26/2018,13
11/27/2018,20
11/28/2018,28
11/29/2018,8
11/30/2018,20
12/01/2018,29
12/02/2018,38
12/03/2018,33
12/04/2018,8
12/05/2018,11
12/06/2018,14
12/08/2018,28
12/09/2018,27
12/10/2018,38
12/11/2018,45
12/12/2018,62
12/13/2018,31
12/14/2018,20
12/15/2018,16
12/16/2018,50
12/17/2018,56
12/18/2018,52
12/19/2018,31
12/20/2018,25
12/21/2018,64
12/22/2018,68
12/23/2018,71
12/24/2018,92
12/25/2018,39
12/26/2018,17
12/27/2018,20
12/28/2018,0
12/29/2018,15
12/30/2018,33
12/31/2018,23
01/01/2019,9
01/02/2019,11
01/03/2019,18
01/04/2019,35
01/05/2019,31
01/06/2019,20
01/07/2019,18
01/08/2019,18
01/09/2019,29
01/10/2019,63
01/11/2019,70
01/12/2019,28
01/13/2019,18
01/14/2019,6
01/15/2019,6
01/16/2019,5
01/17/2019,12
01/18/2019,30
01/19/2019,15
01/20/2019,12
01/21/2019,2
01/22/2019,7
01/23/2019,18
01/24/2019,14
01/25/2019,8
01/26/2019,2
01/27/2019,13
01/28/2019,43
01/29/2019,62
01/30/2019,75
01/31/2019,64
02/01/2019,21
02/02/2019,9
02/03/2019,8
02/04/2019,8
02/05/2019,3
02/06/2019,14
02/07/2019,23
02/09/2019,40
02/10/2019,21
02/11/2019,12
02/12/2019,11
02/13/2019,5
02/14/2019,7
02/15/2019,10
02/16/2019,15
02/17/2019,15
02/18/2019,14
02/19/2019,11
02/20/2019,30
02/21/2019,25
02/22/2019,17
02/23/2019,28
02/24/2019,43
02/26/2019,53
02/27/2019,57
02/28/2019,41
03/01/2019,54
03/02/2019,18
03/03/2019,13
03/04/2019,17
03/05/2019,47
03/06/2019,5
03/07/2019,10
03/08/2019,8
03/09/2019,14
03/10/2019,15
03/11/2019,15
03/12/2019,12
03/13/2019,41
03/14/2019,4
03/15/2019,0
03/16/2019,0
03/17/2019,8
03/18/2019,17
03/19/2019,32
03/20/2019,18
03/21/2019,6
03/22/2019,27
03/23/2019,25
03/24/2019,28
03/25/2019,46
03/26/2019,52
03/27/2019,30
03/28/2019,15
03/29/2019,25
03/30/2019,26
03/31/2019,18
04/01/2019,14
04/02/2019,30
04/03/2019,13
04/04/2019,12
04/05/2019,11
04/06/2019,20
04/07/2019,35
04/08/2019,35
04/09/2019,28
04/10/2019,14
04/11/2019,20
04/12/2019,25
04/13/2019,20
04/14/2019,21
04/15/2019,22
04/16/2019,20
04/17/2019,27
04/18/2019,39
04/19/2019,56
04/20/2019,36
04/21/2019,23
04/22/2019,37
04/23/2019,54
04/24/2019,56
04/25/2019,54
04/26/2019,56
04/27/2019,66
04/28/2019,63
04/29/2019,13
04/30/2019,21
05/01/2019,28
05/02/2019,42
05/03/2019,55
05/04/2019,54
05/05/2019,47
05/06/2019,16
05/07/2019,12
05/08/2019,22
05/09/2019,23
05/10/2019,13
05/11/2019,33
05/12/2019,35
05/13/2019,52
05/14/2019,66
05/15/2019,60
05/16/2019,14
05/17/2019,22
05/18/2019,34
05/19/2019,9
05/20/2019,6
05/21/2019,17
05/22/2019,11
05/23/2019,18
05/24/2019,19
05/25/2019,20
05/26/2019,13
05/27/2019,17
05/28/2019,25
05/29/2019,37
05/30/2019,55
05/31/2019,67
06/01/2019,46
06/02/2019,38
06/03/2019,52
06/04/2019,66
06/05/2019,62
06/06/2019,63
06/07/2019,54
06/08/2019,58
06/09/2019,54
06/10/2019,35
06/11/2019,43
06/12/2019,58
06/13/2019,59
06/14/2019,52
06/15/2019,56
06/16/2019,59
06/17/2019,25
06/18/2019,43
06/19/2019,54
06/20/2019,44
06/21/2019,3
06/22/2019,21
06/23/2019,48
06/24/2019,56
06/25/2019,56
06/26/2019,52
06/27/2019,56
06/28/2019,53
06/29/2019,49
06/30/2019,40
07/01/2019,45
07/02/2019,48
07/03/2019,58
07/04/2019,79
07/05/2019,169
07/06/2019,63
07/07/2019,58
07/08/2019,48
07/09/2019,59
07/10/2019,54
07/11/2019,58
07/12/2019,65
07/13/2019,67
07/14/2019,59
07/15/2019,65
07/16/2019,56
07/17/2019,52
07/18/2019,47
07/19/2019,37
07/20/2019,39
07/21/2019,46
07/22/2019,52
07/23/2019,50
07/24/2019,35
07/25/2019,46
07/26/2019,47
07/27/2019,57
07/28/2019,59
07/29/2019,53
07/30/2019,61
07/31/2019,63
08/01/2019,52
08/02/2019,43
08/03/2019,45
08/04/2019,51
08/05/2019,43
08/06/2019,54
08/07/2019,52
08/08/2019,55
08/09/2019,53
08/10/2019,52
08/11/2019,41
08/12/2019,46
08/13/2019,51
08/14/2019,47
08/15/2019,43
08/16/2019,40
08/17/2019,36
08/18/2019,40
08/19/2019,51
08/20/2019,45
08/21/2019,52
09/19/2019,33
09/20/2019,36
09/21/2019,47
09/22/2019,23
09/23/2019,43
09/24/2019,41
09/25/2019,49
09/26/2019,24
09/27/2019,23
09/28/2019,9
09/29/2019,17
09/30/2019,29
10/01/2019,28
10/02/2019,36
10/03/2019,44
10/04/2019,52
10/05/2019,51
10/06/2019,52
10/07/2019,43
10/08/2019,39
10/09/2019,52
10/10/2019,44
10/11/2019,5
10/12/2019,35
10/13/2019,51
10/14/2019,54
10/15/2019,51
10/16/2019,43
10/17/2019,53
10/18/2019,38
10/19/2019,45
10/20/2019,33
10/21/2019,23
10/22/2019,24
10/23/2019,30
10/24/2019,18
10/25/2019,23
10/26/2019,20
10/27/2019,42
10/28/2019,19
10/29/2019,46
10/30/2019,20
10/31/2019,56
11/01/2019,28
11/02/2019,27
11/03/2019,58
11/04/2019,65
11/05/2019,60
11/06/2019,80
11/07/2019,82
11/08/2019,30
11/09/2019,17
11/10/2019,45
11/11/2019,81
11/12/2019,61
11/13/2019,83
11/14/2019,122
11/15/2019,95
11/16/2019,51
11/17/2019,6
11/18/2019,18
11/19/2019,24
11/20/2019,14
11/21/2019,23
11/22/2019,33
11/23/2019,20
11/24/2019,32
11/25/2019,42
11/26/2019,32
11/27/2019,25
11/28/2019,13
11/29/2019,24
11/30/2019,24
12/01/2019,31
12/02/2019,35
12/03/2019,58
12/04/2019,18
12/05/2019,36
12/06/2019,35
12/07/2019,22
12/08/2019,19
12/09/2019,26
12/10/2019,25
12/11/2019,42
12/12/2019,66
12/13/2019,82
12/14/2019,63
12/15/2019,30
12/17/2019,10
12/18/2019,21
12/19/2019,33
12/20/2019,18
12/21/2019,17
12/22/2019,4
12/23/2019,5
12/24/2019,23
12/25/2019,23
12/26/2019,5
12/27/2019,27
12/28/2019,41
12/29/2019,45
12/30/2019,26
12/31/2019,20
01/01/2020,33
01/02/2020,31
01/03/2020,23
01/04/2020,55
01/05/2020,58
01/06/2020,11
01/07/2020,17
01/08/2020,30
01/09/2020,29
01/10/2020,35
01/11/2020,43
01/12/2020,55
01/13/2020,71
01/14/2020,80
01/15/2020,83
01/16/2020,72
01/17/2020,24
01/18/2020,21
01/19/2020,14
01/20/2020,46
01/21/2020,23
01/22/2020,50
01/23/2020,15
01/24/2020,18
01/25/2020,59
01/26/2020,102
01/27/2020,78
01/28/2020,20
01/29/2020,10
01/30/2020,0
01/31/2020,11
02/01/2020,10
02/02/2020,10
02/03/2020,6
02/04/2020,3
02/05/2020,20
02/06/2020,46
02/07/2020,71
02/08/2020,73
02/09/2020,44
02/10/2020,3
02/11/2020,1
02/12/2020,19
02/13/2020,43
02/14/2020,53
02/15/2020,60
02/16/2020,63
02/17/2020,69
02/18/2020,63
02/19/2020,83
02/20/2020,35
02/21/2020,20
02/22/2020,19
02/23/2020,39
02/24/2020,56
02/25/2020,6
02/26/2020,11
02/27/2020,11
02/28/2020,5
02/29/2020,21
03/01/2020,26
03/02/2020,5
03/03/2020,1
03/04/2020,29
03/05/2020,47
03/06/2020,52
03/07/2020,13
03/08/2020,0
03/09/2020,0
03/10/2020,4
03/11/2020,4
03/12/2020,14
03/13/2020,8
03/14/2020,13
03/15/2020,10
03/16/2020,11
03/17/2020,5
03/18/2020,25
03/19/2020,9
03/20/2020,9
03/21/2020,25
03/22/2020,10
03/23/2020,6
03/24/2020,16
03/25/2020,1
03/26/2020,10
03/27/2020,15
03/28/2020,23
03/29/2020,30
03/30/2020,27
03/31/2020,42
04/01/2020,40
04/02/2020,28
04/03/2020,36
04/04/2020,27
04/05/2020,20
04/06/2020,4
04/07/2020,15
04/08/2020,5
04/09/2020,10
04/10/2020,6
04/11/2020,27
04/12/2020,13
04/13/2020,12
04/14/2020,29
04/15/2020,28
04/16/2020,28
04/17/2020,29
04/18/2020,22
04/19/2020,27
04/20/2020,32
04/21/2020,28
04/22/2020,37
04/23/2020,40
04/24/2020,34
04/25/2020,38
04/26/2020,34
04/27/2020,43
04/28/2020,55
04/29/2020,58
04/30/2020,59
05/01/2020,56
05/02/2020,48
05/03/2020,41
05/04/2020,49
05/05/2020,42
05/06/2020,43
05/07/2020,54
05/08/2020,62
05/09/2020,64
05/10/2020,56
05/11/2020,45
05/12/2020,23
05/13/2020,20
05/14/2020,29
05/15/2020,39
05/16/2020,52
05/17/2020,43
05/18/2020,19
05/19/2020,19
05/20/2020,30
05/21/2020,34
05/22/2020,37
05/23/2020,52
05/24/2020,59
05/25/2020,60
05/26/2020,57
05/27/2020,57
05/28/2020,46
05/29/2020,33
05/30/2020,10
05/31/2020,25
06/01/2020,40
06/02/2020,49
06/03/2020,47
06/04/2020,53
06/05/2020,22
06/06/2020,24
06/07/2020,25
06/08/2020,7
06/09/2020,0
06/10/2020,19
06/11/2020,40
06/12/2020,53
06/13/2020,43
06/14/2020,38
06/15/2020,53
06/16/2020,50
06/17/2020,47
06/18/2020,48
06/19/2020,55
06/20/2020,59
06/21/2020,59
06/22/2020,63
06/23/2020,59
06/24/2020,61
06/25/2020,52
06/26/2020,50
06/27/2020,40
06/28/2020,13
06/29/2020,16
06/30/2020,45
07/01/2020,49
07/02/2020,54
07/03/2020,51
07/04/2020,63
07/05/2020,120
07/06/2020,60
07/07/2020,58
07/08/2020,61
07/09/2020,61
07/10/2020,63
07/11/2020,51
07/12/2020,51
07/13/2020,58
07/14/2020,57
07/15/2020,57
07/16/2020,52
07/17/2020,47
07/18/2020,44
07/19/2020,38
07/20/2020,45
07/21/2020,51
07/22/2020,52
07/23/2020,44
07/24/2020,45
07/25/2020,53
07/26/2020,54
07/27/2020,48
07/28/2020,55
07/29/2020,59
07/30/2020,60
07/31/2020,50
08/01/2020,39
08/02/2020,51
08/03/2020,55
08/04/2020,55
08/05/2020,48
08/06/2020,53
08/07/2020,54
08/08/2020,60
08/09/2020,60
08/10/2020,54
08/11/2020,45
08/13/2020,40
08/14/2020,67
08/15/2020,58
08/16/2020,52
08/17/2020,63
08/18/2020,62
08/19/2020,64
08/20/2020,68
08/21/2020,63
08/22/2020,57
08/23/2020,55
08/24/2020,48
08/25/2020,44
08/26/2020,35
08/27/2020,51
08/28/2020,59
08/29/2020,54
08/30/2020,55
08/31/2020,55
09/01/2020,54
09/02/2020,54
09/03/2020,66
09/04/2020,77
09/05/2020,57
09/06/2020,56
09/07/2020,66
09/08/2020,55
09/09/2020,56
09/10/2020,70
09/11/2020,137
09/12/2020,161
09/13/2020,153
09/14/2020,140
09/15/2020,119
09/16/2020,98
09/17/2020,68
09/18/2020,54
09/19/2020,59
09/20/2020,50
09/21/2020,61
09/22/2020,61
09/23/2020,58
09/24/2020,61
09/25/2020,56
09/26/2020,63
09/27/2020,66
09/28/2020,65
09/29/2020,54
09/30/2020,43
10/01/2020,58
10/02/2020,65
10/03/2020,70
10/04/2020,96
10/05/2020,95
10/06/2020,84
10/07/2020,80
10/08/2020,81
10/09/2020,75
10/10/2020,67
10/11/2020,61
10/12/2020,49
10/13/2020,41
10/14/2020,52
10/15/2020,55
10/16/2020,40
10/17/2020,48
10/18/2020,68
10/19/2020,72
10/20/2020,85
10/21/2020,91
10/22/2020,64
10/23/2020,60
10/24/2020,48
10/25/2020,21
10/26/2020,64
10/27/2020,99
10/28/2020,69
10/29/2020,55
10/30/2020,54
10/31/2020,58
11/01/2020,40
11/02/2020,56
11/03/2020,64
11/04/2020,55
11/19/2020,49
11/20/2020,48
11/21/2020,50
11/22/2020,52
11/23/2020,60
11/24/2020,67
11/25/2020,63
11/26/2020,60
11/27/2020,12
11/28/2020,11
11/29/2020,18
11/30/2020,12
12/01/2020,18
12/02/2020,23
12/03/2020,15
12/04/2020,31
12/05/2020,36
12/06/2020,35
12/07/2020,17
12/08/2020,3
12/09/2020,38
12/10/2020,58
12/11/2020,63
12/12/2020,80
12/13/2020,60
12/14/2020,43
12/15/2020,17
12/16/2020,29
12/17/2020,31
12/18/2020,28
12/19/2020,20
12/20/2020,27
12/21/2020,23
12/22/2020,43
12/23/2020,53
12/24/2020,31
12/25/2020,30
12/26/2020,49
12/27/2020,56
12/28/2020,10
12/29/2020,18
12/30/2020,17
12/31/2020,25
01/01/2021,10
01/02/2021,38
01/03/2021,66
01/04/2021,71
01/05/2021,81
01/06/2021,52
01/07/2021,35
01/08/2021,44
01/09/2021,52
01/10/2021,28
01/11/2021,25
01/12/2021,24
01/13/2021,27
01/14/2021,17
01/15/2021,18
01/16/2021,23
01/17/2021,20
01/18/2021,25
01/19/2021,50
01/20/2021,13
01/21/2021,24
01/22/2021,28
01/23/2021,20
01/24/2021,35
01/25/2021,6
01/26/2021,32
01/27/2021,20
01/28/2021,21
01/29/2021,27
01/30/2021,27
01/31/2021,28
02/01/2021,27
02/02/2021,31
02/03/2021,45
02/04/2021,52
02/05/2021,41
02/06/2021,50
02/07/2021,57
02/08/2021,67
02/09/2021,72
02/10/2021,74
02/11/2021,87
02/12/2021,38
02/13/2021,32
02/14/2021,28
02/15/2021,32
02/16/2021,30
02/17/2021,32
02/18/2021,15
02/19/2021,41
02/20/2021,45
02/21/2021,15
02/22/2021,8
02/23/2021,13
02/24/2021,33
02/25/2021,27
02/26/2021,23
02/27/2021,48
02/28/2021,25
03/01/2021,16
03/02/2021,7
03/03/2021,25
03/04/2021,22
03/05/2021,32
03/06/2021,36
03/07/2021,40
03/08/2021,20
03/09/2021,21
03/10/2021,5
03/11/2021,4
03/12/2021,9
03/13/2021,44
03/14/2021,38
03/15/2021,18
03/16/2021,24
03/17/2021,40
03/18/2021,49
03/19/2021,32
03/20/2021,30
03/21/2021,23
03/22/2021,23
03/23/2021,25
03/24/2021,0
03/25/2021,18
03/26/2021,24
03/27/2021,24
03/28/2021,13
03/29/2021,24
03/30/2021,58
03/31/2021,18
04/01/2021,19
04/02/2021,45
04/03/2021,66
04/04/2021,59
04/05/2021,42
04/06/2021,45
04/07/2021,56
04/08/2021,51
04/09/2021,59
04/10/2021,58
04/11/2021,56
04/12/2021,56
04/13/2021,29
04/14/2021,31
04/15/2021,44
04/16/2021,52
04/17/2021,59
04/18/2021,5
04/19/2021,25
04/20/2021,52
04/21/2021,30
04/22/2021,32
04/23/2021,35
04/24/2021,44
04/25/2021,35
04/26/2021,2
04/27/2021,9
04/28/2021,18
04/29/2021,19
04/30/2021,30
05/01/2021,54
05/02/2021,25
05/03/2021,43
05/04/2021,57
05/05/2021,59
05/06/2021,55
05/07/2021,55
05/08/2021,50
05/09/2021,54
05/10/2021,43
05/11/2021,57
05/12/2021,61
05/13/2021,59
05/14/2021,59
05/15/2021,31
05/16/2021,14
05/17/2021,30
05/18/2021,52
05/19/2021,53
05/20/2021,39
05/21/2021,30
05/22/2021,29
05/23/2021,40
05/24/2021,30
05/25/2021,38
05/26/2021,49
05/27/2021,55
05/28/2021,55
05/29/2021,46
05/30/2021,48
05/31/2021,54
06/01/2021,60
06/02/2021,54
06/03/2021,54
06/04/2021,41
06/05/2021,32
06/06/2021,32
06/07/2021,23
06/08/2021,22
06/09/2021,26
06/10/2021,29
06/11/2021,31
06/12/2021,48
06/13/2021,43
06/14/2021,39
06/15/2021,45
06/16/2021,58
06/17/2021,56
06/18/2021,56
06/19/2021,59
06/20/2021,58
06/21/2021,54
06/22/2021,45
06/23/2021,40
06/24/2021,22
06/25/2021,35
06/26/2021,52
06/27/2021,63
06/28/2021,61
06/29/2021,54
06/30/2021,49
07/01/2021,51
07/02/2021,52
07/03/2021,53
07/04/2021,72
07/05/2021,166
07/06/2021,53
07/07/2021,56
07/08/2021,58
07/09/2021,60
07/10/2021,52
07/11/2021,54
07/12/2021,53
07/13/2021,55
07/14/2021,48
07/15/2021,34
07/16/2021,52
07/17/2021,55
07/18/2021,44
07/19/2021,45
07/20/2021,53
07/21/2021,58
07/22/2021,61
07/23/2021,64
07/24/2021,59
07/25/2021,54
07/26/2021,58
07/27/2021,59
07/28/2021,40
07/29/2021,41
07/30/2021,49
07/31/2021,44
08/01/2021,50
08/02/2021,48
08/03/2021,40
08/04/2021,60
08/05/2021,64
08/06/2021,61
08/13/2021,31
08/14/2021,49
08/15/2021,55
08/16/2021,55
08/17/2021,51
08/18/2021,35
08/19/2021,30
08/20/2021,38
08/21/2021,40
08/22/2021,53
08/23/2021,61
08/24/2021,72
08/25/2021,76
08/26/2021,71
08/27/2021,65
08/28/2021,65
08/29/2021,62
08/30/2021,64
08/31/2021,69
09/01/2021,62
09/02/2021,64
09/03/2021,66
09/04/2021,42
09/05/2021,35
09/06/2021,67
09/07/2021,64
09/08/2021,68
09/09/2021,63
09/10/2021,59
09/11/2021,49
09/12/2021,34
09/15/2021,60
09/16/2021,64
09/17/2021,62
09/18/2021,53
09/19/2021,57
09/20/2021,69
09/21/2021,55
09/22/2021,45
09/23/2021,50
09/24/2021,61
09/25/2021,65
09/26/2021,64
09/27/2021,64
09/28/2021,42
09/29/2021,47
09/30/2021,32
10/01/2021,17
10/02/2021,23
10/03/2021,28
10/04/2021,43
10/05/2021,32
10/06/2021,56
10/07/2021,49
10/08/2021,22
10/09/2021,31
10/10/2021,37
10/11/2021,52
10/12/2021,19
10/13/2021,18
10/14/2021,31
10/15/2021,19
10/16/2021,19
10/17/2021,30
10/18/2021,30
10/19/2021,20
10/20/2021,37
10/21/2021,43
10/22/2021,55
10/23/2021,38
10/24/2021,28
10/25/2021,25
10/26/2021,30
10/27/2021,10
10/28/2021,12
10/29/2021,22
10/30/2021,59
10/31/2021,93
11/01/2021,86
11/02/2021,74
11/03/2021,71
11/04/2021,69
11/05/2021,79
11/06/2021,120
11/07/2021,125
11/08/2021,85
11/09/2021,73
11/10/2021,73
11/11/2021,20
11/12/2021,21
11/13/2021,23
11/14/2021,22
11/15/2021,49
11/16/2021,73
11/17/2021,78
11/18/2021,79
11/19/2021,88
11/20/2021,108
11/21/2021,13
11/22/2021,20
11/23/2021,30
11/24/2021,38
11/25/2021,25
11/26/2021,24
11/27/2021,23
11/28/2021,36
11/29/2021,38
11/30/2021,39
12/01/2021,54
12/02/2021,95
12/03/2021,134
12/04/2021,154
12/05/2021,145
12/06/2021,89
12/07/2021,96
12/08/2021,76
12/09/2021,39
12/10/2021,52
12/11/2021,39
12/12/2021,53
12/13/2021,57
12/14/2021,17
12/15/2021,30
12/16/2021,55
12/17/2021,31
12/18/2021,46
12/19/2021,48
12/20/2021,56
12/21/2021,48
12/22/2021,60
12/23/2021,49
12/24/2021,16
12/25/2021,20
12/26/2021,10
12/27/2021,20
12/28/2021,20
12/29/2021,30
12/30/2021,15
12/31/2021,23
01/01/2022,60
01/02/2022,28
01/03/2022,32
01/04/2022,59
01/05/2022,39
01/06/2022,16
01/07/2022,81
01/08/2022,79
01/09/2022,27
01/10/2022,22
01/11/2022,13
01/12/2022,18
01/13/2022,30
01/14/2022,30
01/15/2022,20
01/16/2022,18
01/17/2022,47
01/18/2022,54
01/19/2022,69
01/20/2022,18
01/21/2022,31
01/22/2022,2
01/23/2022,2
01/24/2022,20
01/25/2022,44
01/26/2022,14
01/27/2022,16
01/28/2022,16
01/29/2022,22
01/30/2022,36
01/31/2022,61
02/01/2022,75
02/02/2022,24
02/03/2022,29
02/04/2022,20
02/05/2022,13
02/06/2022,4
02/07/2022,18
02/08/2022,13
02/09/2022,6
02/10/2022,8
02/11/2022,14
02/12/2022,8
02/13/2022,17
02/14/2022,40
02/15/2022,36
02/16/2022,23
02/17/2022,17
02/18/2022,10
02/19/2022,24
02/20/2022,60
02/21/2022,35
02/22/2022,19
02/23/2022,17
02/24/2022,23
02/25/2022,42
02/26/2022,29
02/27/2022,15
02/28/2022,6
03/01/2022,12
03/02/2022,21
03/03/2022,43
03/04/2022,32
03/05/2022,23
03/06/2022,34
03/07/2022,25
03/08/2022,13
03/09/2022,28
03/10/2022,41
03/11/2022,26
03/12/2022,12
03/13/2022,39
03/14/2022,53
03/15/2022,43
03/16/2022,35
03/17/2022,25
03/18/2022,33
03/19/2022,45
03/20/2022,25
03/21/2022,30
03/22/2022,13
03/23/2022,14
03/24/2022,19
03/25/2022,28
03/26/2022,43
03/27/2022,55
03/28/2022,14
03/29/2022,23
03/30/2022,32
03/31/2022,34
04/01/2022,57
04/02/2022,56
04/03/2022,43
04/04/2022,56
04/05/2022,62
04/06/2022,54
04/07/2022,35
04/08/2022,21
04/09/2022,38
04/10/2022,59
04/11/2022,44
04/12/2022,25
04/13/2022,29
04/14/2022,31
04/15/2022,40
04/16/2022,22
04/17/2022,37
04/18/2022,52
04/19/2022,31
04/20/2022,21
04/21/2022,22
04/22/2022,15
04/23/2022,32
04/24/2022,11
04/25/2022,26
04/26/2022,37
04/27/2022,59
04/28/2022,55
04/29/2022,62
04/30/2022,60
05/01/2022,61
05/02/2022,60
05/03/2022,53
05/04/2022,61
05/05/2022,62
05/06/2022,52
05/07/2022,56
05/08/2022,38
05/09/2022,40
05/10/2022,30
05/11/2022,25
05/12/2022,18
05/13/2022,35
05/14/2022,41
05/15/2022,46
05/16/2022,59
05/17/2022,60
05/18/2022,63
05/19/2022,63
05/20/2022,23
05/21/2022,33
05/22/2022,54
05/23/2022,60
05/24/2022,67
05/25/2022,70
05/26/2022,64
05/27/2022,54
05/28/2022,33
05/29/2022,40
05/30/2022,44
05/31/2022,55
06/01/2022,63
06/02/2022,62
06/03/2022,64
06/04/2022,55
06/05/2022,46
06/06/2022,43
06/07/2022,52
06/08/2022,56
06/09/2022,56
06/10/2022,61
06/11/2022,58
06/12/2022,46
06/13/2022,33
06/14/2022,37
06/15/2022,61
06/16/2022,62
06/17/2022,51
06/18/2022,25
06/19/2022,33
06/20/2022,35
06/21/2022,44
06/22/2022,51
06/23/2022,52
06/24/2022,39
06/25/2022,38
06/26/2022,53
06/27/2022,57
06/28/2022,52
06/29/2022,52
06/30/2022,57
07/01/2022,61
07/02/2022,52
07/03/2022,51
07/04/2022,68
07/05/2022,157
07/06/2022,23
07/07/2022,32
07/08/2022,40
07/09/2022,33
07/10/2022,40
07/11/2022,55
07/12/2022,48
07/13/2022,48
07/14/2022,44
07/15/2022,52
07/16/2022,64
07/17/2022,54
07/18/2022,48
07/19/2022,43
07/20/2022,33
07/21/2022,36
07/22/2022,55
07/23/2022,53
07/24/2022,59
07/25/2022,56
07/26/2022,51
07/27/2022,43
07/28/2022,35
07/29/2022,35
07/30/2022,38
07/31/2022,31
08/01/2022,30
08/02/2022,33
08/03/2022,40
08/04/2022,49
08/05/2022,38
08/06/2022,30
08/07/2022,40
08/08/2022,52
08/09/2022,37
08/10/2022,38
08/11/2022,35
08/12/2022,54
08/13/2022,57
08/14/2022,56
08/15/2022,63
08/16/2022,63
08/17/2022,46
08/18/2022,50
08/19/2022,56
08/20/2022,55
08/21/2022,57
08/22/2022,56
08/23/2022,60
08/24/2022,55
08/25/2022,45
08/26/2022,53
08/27/2022,47
08/28/2022,43
08/29/2022,54
08/30/2022,55
08/31/2022,56
09/01/2022,63
09/02/2022,59
09/03/2022,57
09/04/2022,52
09/05/2022,56
09/06/2022,62
09/07/2022,56
09/08/2022,45
09/09/2022,34
09/10/2022,44
09/11/2022,35
09/12/2022,26
09/13/2022,29
09/14/2022,40
09/15/2022,47
09/16/2022,54
09/17/2022,53
09/18/2022,36
09/19/2022,33
09/20/2022,23
09/21/2022,23
09/22/2022,38
09/23/2022,45
09/24/2022,45
09/25/2022,34
09/26/2022,50
09/27/2022,41
09/28/2022,57
09/29/2022,63
09/30/2022,58
10/01/2022,47
10/02/2022,56
10/03/2022,49
10/04/2022,58
10/05/2022,64
10/06/2022,67
10/07/2022,77
10/08/2022,72
10/09/2022,65
10/10/2022,62
10/11/2022,70
10/12/2022,66
10/13/2022,80
10/14/2022,90
10/15/2022,32
10/16/2022,54
10/17/2022,58
10/18/2022,32
10/19/2022,28
10/20/2022,29
10/21/2022,53
10/22/2022,43
10/23/2022,31
10/24/2022,27
10/25/2022,28
10/26/2022,48
10/27/2022,52
10/28/2022,48
10/29/2022,51
10/30/2022,35
10/31/2022,43
11/01/2022,43
11/02/2022,25
11/03/2022,19
11/04/2022,29
11/05/2022,46
11/06/2022,48
11/07/2022,24
11/08/2022,19
11/09/2022,29
11/10/2022,33
11/11/2022,29
11/12/2022,34
11/13/2022,51
11/14/2022,37
11/15/2022,33
11/16/2022,22
11/17/2022,24
11/18/2022,36
11/19/2022,29
11/20/2022,23
11/21/2022,30
11/22/2022,31
11/23/2022,42
11/24/2022,24
11/25/2022,31
11/26/2022,33
11/27/2022,55
11/28/2022,59
11/29/2022,48
11/30/2022,49
12/01/2022,24
12/02/2022,37
12/03/2022,30
12/04/2022,46
12/05/2022,26
12/06/2022,37
12/07/2022,43
12/08/2022,51
12/09/2022,58
12/10/2022,56
12/11/2022,20
12/12/2022,40
12/13/2022,43
12/14/2022,49
12/15/2022,53
12/16/2022,35
12/17/2022,40
12/18/2022,59
12/19/2022,65
12/20/2022,53
12/21/2022,40
12/22/2022,38
12/23/2022,65
12/24/2022,45
12/25/2022,19
12/26/2022,20
12/27/2022,43
12/28/2022,48
12/29/2022,35
12/30/2022,35
12/31/2022,22
01/01/2023,21
01/02/2023,35
01/03/2023,24
01/04/2023,13
01/05/2023,18
01/06/2023,38
01/07/2023,36
01/08/2023,49
01/09/2023,24
01/10/2023,21
01/11/2023,46
01/12/2023,35
01/13/2023,35
01/14/2023,45
01/15/2023,28
01/16/2023,19
01/17/2023,30
01/18/2023,44
01/19/2023,47
01/20/2023,45
01/21/2023,43
01/22/2023,37
01/23/2023,23
01/24/2023,28
01/25/2023,26
01/26/2023,17
01/27/2023,36
01/28/2023,54
01/29/2023,37
01/30/2023,26
01/31/2023,26
02/01/2023,25
02/02/2023,39
02/03/2023,31
02/04/2023,58
02/05/2023,65
02/06/2023,33
02/07/2023,25
02/08/2023,39
02/09/2023,22
02/10/2023,23
02/11/2023,27
02/12/2023,30
02/13/2023,34
02/14/2023,33
02/15/2023,15
02/16/2023,18
02/17/2023,25
02/18/2023,33
02/19/2023,42
02/20/2023,39
02/21/2023,42
02/22/2023,25
02/23/2023,25
02/24/2023,30
02/25/2023,18
02/26/2023,40
02/27/2023,46
02/28/2023,30
03/01/2023,13
03/02/2023,33
03/03/2023,52
03/04/2023,58
03/05/2023,33
03/06/2023,25
03/07/2023,39
03/08/2023,38
03/09/2023,55
03/10/2023,37
03/11/2023,25
03/12/2023,32
03/13/2023,46
03/14/2023,40
03/15/2023,19
03/16/2023,34
03/17/2023,58
03/18/2023,38
03/19/2023,31
03/20/2023,25
03/21/2023,27
03/22/2023,27
03/23/2023,37
03/24/2023,40
03/25/2023,41
03/26/2023,38
03/27/2023,36
03/28/2023,43
03/29/2023,25
03/30/2023,22
03/31/2023,41
